<?xml version="1.0" encoding="UTF-8"?>
<project-private xmlns="http://www.netbeans.org/ns/project-private/1">
    <editor-bookmarks xmlns="http://www.netbeans.org/ns/editor-bookmarks/2" lastBookmarkId="0"/>
    <open-files xmlns="http://www.netbeans.org/ns/projectui-open-files/2">
        <group>
            <file>file:/C:/Users/moj/Desktop/siteweb/siteweb/web/play.xhtml</file>
            <file>file:/C:/Users/moj/Desktop/siteweb/siteweb/src/java/controller/playcontroller.java</file>
            <file>file:/C:/Users/moj/Desktop/siteweb/siteweb/src/java/dao/playgroundDAO.java</file>
        </group>
    </open-files>
</project-private>
